,맥주,년,평점
0,ARK Seoulite Ale, 2018,2.8833333333333333
1,ARK Seoulite Ale, 2019,3.05
2,ARK Seoulite Ale, 2020,3.35
3,Asahi Super Dry, 2000,2.7000000000000006
4,Asahi Super Dry, 2001,2.4857142857142853
5,Asahi Super Dry, 2002,2.401123595505618
6,Asahi Super Dry, 2003,2.226506024096386
7,Asahi Super Dry, 2004,2.151190476190476
8,Asahi Super Dry, 2005,1.9711340206185566
9,Asahi Super Dry, 2006,2.0516483516483515
10,Asahi Super Dry, 2007,2.007563025210084
11,Asahi Super Dry, 2008,2.1533333333333333
12,Asahi Super Dry, 2009,2.053846153846154
13,Asahi Super Dry, 2010,2.04320987654321
14,Asahi Super Dry, 2011,2.2263636363636365
15,Asahi Super Dry, 2012,2.125714285714286
16,Asahi Super Dry, 2013,2.230952380952381
17,Asahi Super Dry, 2014,2.2201183431952662
18,Asahi Super Dry, 2015,2.1333333333333333
19,Asahi Super Dry, 2016,2.217142857142857
20,Asahi Super Dry, 2017,2.3698630136986303
21,Asahi Super Dry, 2018,2.5887323943661973
22,Asahi Super Dry, 2019,2.4292307692307693
23,Asahi Super Dry, 2020,2.32972972972973
24,Asahi Super Dry, 2021,2.4291666666666667
25,Asahi Super Dry, 2022,2.4166666666666665
26,Asahi Super Dry, 2023,2.275
27,Asahi Super Dry Black, 2012,2.4615384615384617
28,Asahi Super Dry Black, 2013,2.375
29,Asahi Super Dry Black, 2014,2.675
30,Asahi Super Dry Black, 2015,2.5
31,Asahi Super Dry Black, 2016,2.82
32,Asahi Super Dry Black, 2017,2.7181818181818183
33,Asahi Super Dry Black, 2018,2.6999999999999997
34,Asahi Super Dry Black, 2019,2.8666666666666667
35,Asahi Super Dry Black, 2020,2.96
36,Asahi Super Dry Black, 2022,2.766666666666667
37,Bavaria 8.6 (Original), 2000,2.5
38,Bavaria 8.6 (Original), 2001,1.8333333333333333
39,Bavaria 8.6 (Original), 2002,2.076923076923077
40,Bavaria 8.6 (Original), 2003,2.1999999999999997
41,Bavaria 8.6 (Original), 2004,2.2333333333333334
42,Bavaria 8.6 (Original), 2005,2.207692307692308
43,Bavaria 8.6 (Original), 2006,1.976
44,Bavaria 8.6 (Original), 2007,2.5749999999999997
45,Bavaria 8.6 (Original), 2008,1.8666666666666667
46,Bavaria 8.6 (Original), 2009,2.0785714285714287
47,Bavaria 8.6 (Original), 2010,2.1357142857142857
48,Bavaria 8.6 (Original), 2011,2.2153846153846155
49,Bavaria 8.6 (Original), 2012,2.32
50,Bavaria 8.6 (Original), 2013,2.380952380952381
51,Bavaria 8.6 (Original), 2014,1.935
52,Bavaria 8.6 (Original), 2015,2.5217391304347827
53,Bavaria 8.6 (Original), 2016,2.257142857142857
54,Bavaria 8.6 (Original), 2017,2.231578947368421
55,Bavaria 8.6 (Original), 2018,2.0999999999999996
56,Bavaria 8.6 (Original), 2019,2.0941176470588236
57,Bavaria 8.6 (Original), 2020,2.75
58,Bavaria 8.6 (Original), 2021,2.725
59,Bavaria 8.6 (Original), 2022,1.7249999999999999
60,Bavaria 8.6 (Original), 2023,2.3
61,Bavaria Pilsener / Premium Beer, 2000,1.9
62,Bavaria Pilsener / Premium Beer, 2001,2.857142857142857
63,Bavaria Pilsener / Premium Beer, 2002,2.1847457627118647
64,Bavaria Pilsener / Premium Beer, 2003,2.088636363636364
65,Bavaria Pilsener / Premium Beer, 2004,1.943478260869565
66,Bavaria Pilsener / Premium Beer, 2005,2.2245614035087717
67,Bavaria Pilsener / Premium Beer, 2006,2.285185185185185
68,Bavaria Pilsener / Premium Beer, 2007,2.265753424657534
69,Bavaria Pilsener / Premium Beer, 2008,2.2781818181818183
70,Bavaria Pilsener / Premium Beer, 2009,2.135135135135135
71,Bavaria Pilsener / Premium Beer, 2010,2.1736842105263157
72,Bavaria Pilsener / Premium Beer, 2011,2.1594202898550723
73,Bavaria Pilsener / Premium Beer, 2012,2.175
74,Bavaria Pilsener / Premium Beer, 2013,2.176829268292683
75,Bavaria Pilsener / Premium Beer, 2014,2.137804878048781
76,Bavaria Pilsener / Premium Beer, 2015,2.1516666666666664
77,Bavaria Pilsener / Premium Beer, 2016,2.3794871794871795
78,Bavaria Pilsener / Premium Beer, 2017,2.107317073170732
79,Bavaria Pilsener / Premium Beer, 2018,2.624242424242424
80,Bavaria Pilsener / Premium Beer, 2019,2.2956521739130435
81,Bavaria Pilsener / Premium Beer, 2020,2.06
82,Bavaria Pilsener / Premium Beer, 2021,2.3133333333333335
83,Bavaria Pilsener / Premium Beer, 2022,2.857142857142857
84,Bavaria Pilsener / Premium Beer, 2023,3.0333333333333337
85,Beck's, 2000,2.9181818181818184
86,Beck's, 2001,2.5808219178082195
87,Beck's, 2002,2.5262910798122067
88,Beck's, 2003,2.4061643835616437
89,Beck's, 2004,2.3889655172413793
90,Beck's, 2005,2.4181818181818184
91,Beck's, 2006,2.357638888888889
92,Beck's, 2007,2.393081761006289
93,Beck's, 2008,2.3273809523809526
94,Beck's, 2009,2.21
95,Beck's, 2010,2.2198019801980196
96,Beck's, 2011,2.353153153153153
97,Beck's, 2012,2.340268456375839
98,Beck's, 2013,2.343661971830986
99,Beck's, 2014,2.1627906976744184
100,Beck's, 2015,2.3008620689655173
101,Beck's, 2016,2.291954022988506
102,Beck's, 2017,2.2164556962025315
103,Beck's, 2018,2.475
104,Beck's, 2019,2.414285714285714
105,Beck's, 2020,2.323529411764706
106,Beck's, 2021,2.223076923076923
107,Beck's, 2022,2.5384615384615383
108,Beck's, 2023,2.55
109,Berliner Kindl Jubiläums Pilsener Premium, 2001,1.4666666666666668
110,Berliner Kindl Jubiläums Pilsener Premium, 2002,1.85
111,Berliner Kindl Jubiläums Pilsener Premium, 2003,3.0833333333333335
112,Berliner Kindl Jubiläums Pilsener Premium, 2004,2.3833333333333333
113,Berliner Kindl Jubiläums Pilsener Premium, 2005,2.4
114,Berliner Kindl Jubiläums Pilsener Premium, 2006,2.44
115,Berliner Kindl Jubiläums Pilsener Premium, 2007,2.5500000000000003
116,Berliner Kindl Jubiläums Pilsener Premium, 2008,2.40625
117,Berliner Kindl Jubiläums Pilsener Premium, 2009,2.7199999999999998
118,Berliner Kindl Jubiläums Pilsener Premium, 2010,2.6999999999999997
119,Berliner Kindl Jubiläums Pilsener Premium, 2011,2.476923076923077
120,Berliner Kindl Jubiläums Pilsener Premium, 2012,2.844
121,Berliner Kindl Jubiläums Pilsener Premium, 2013,2.3714285714285714
122,Berliner Kindl Jubiläums Pilsener Premium, 2014,2.668
123,Berliner Kindl Jubiläums Pilsener Premium, 2015,2.6518518518518515
124,Berliner Kindl Jubiläums Pilsener Premium, 2016,2.576
125,Berliner Kindl Jubiläums Pilsener Premium, 2017,2.7038461538461536
126,Berliner Kindl Jubiläums Pilsener Premium, 2018,2.715
127,Berliner Kindl Jubiläums Pilsener Premium, 2019,2.7333333333333334
128,Berliner Kindl Jubiläums Pilsener Premium, 2020,2.772727272727273
129,Berliner Kindl Jubiläums Pilsener Premium, 2021,2.9416666666666664
130,Berliner Kindl Jubiläums Pilsener Premium, 2022,2.9
131,Berliner Kindl Jubiläums Pilsener Premium, 2023,2.5
132,Bintang Pilsener, 2001,2.2333333333333334
133,Bintang Pilsener, 2002,1.96875
134,Bintang Pilsener, 2003,1.8722222222222225
135,Bintang Pilsener, 2004,1.8866666666666667
136,Bintang Pilsener, 2005,2.086666666666667
137,Bintang Pilsener, 2006,1.9083333333333332
138,Bintang Pilsener, 2007,1.8857142857142857
139,Bintang Pilsener, 2008,1.85625
140,Bintang Pilsener, 2009,1.935
141,Bintang Pilsener, 2010,2.081818181818182
142,Bintang Pilsener, 2011,2.1666666666666665
143,Bintang Pilsener, 2012,2.0526315789473686
144,Bintang Pilsener, 2013,2.07
145,Bintang Pilsener, 2014,1.9833333333333332
146,Bintang Pilsener, 2015,2.068
147,Bintang Pilsener, 2016,2.0250000000000004
148,Bintang Pilsener, 2017,2.057377049180328
149,Bintang Pilsener, 2018,2.0844444444444443
150,Bintang Pilsener, 2019,2.4388888888888887
151,Bintang Pilsener, 2020,1.95
152,Bintang Pilsener, 2021,2.275
153,Bintang Pilsener, 2022,2.7142857142857144
154,Bintang Pilsener, 2023,1.8333333333333333
155,Bright Leaf Peeper Red IPA, 2021,3.7399999999999998
156,Bright Leaf Peeper Red IPA, 2022,3.8
157,Brooklyn Special Effects (Hoppy Amber/Lager), 2018,2.6
158,Brooklyn Special Effects (Hoppy Amber/Lager), 2019,2.771604938271605
159,Brooklyn Special Effects (Hoppy Amber/Lager), 2020,2.9953125
160,Brooklyn Special Effects (Hoppy Amber/Lager), 2021,2.993333333333333
161,Brooklyn Special Effects (Hoppy Amber/Lager), 2022,3.0384615384615383
162,Brooklyn Special Effects (Hoppy Amber/Lager), 2023,3.25
163,Budweiser, 2000,1.2347826086956522
164,Budweiser, 2001,1.4881856540084388
165,Budweiser, 2002,1.3986175115207373
166,Budweiser, 2003,1.4842696629213483
167,Budweiser, 2004,1.38
168,Budweiser, 2005,1.442517006802721
169,Budweiser, 2006,1.3241610738255034
170,Budweiser, 2007,1.3340314136125655
171,Budweiser, 2008,1.4848484848484849
172,Budweiser, 2009,1.5790909090909089
173,Budweiser, 2010,1.4211678832116788
174,Budweiser, 2011,1.6202380952380953
175,Budweiser, 2012,1.5826086956521739
176,Budweiser, 2013,1.7524663677130046
177,Budweiser, 2014,1.6719576719576719
178,Budweiser, 2015,1.60625
179,Budweiser, 2016,1.9196261682242992
180,Budweiser, 2017,1.9672131147540983
181,Budweiser, 2018,2.0265625
182,Budweiser, 2019,2.0784615384615384
183,Budweiser, 2020,2.079487179487179
184,Budweiser, 2021,1.9038461538461537
185,Budweiser, 2022,1.7777777777777777
186,Budweiser, 2023,1.8624999999999998
187,Carlsberg Pilsner, 2000,3.0
188,Carlsberg Pilsner, 2001,2.785185185185185
189,Carlsberg Pilsner, 2002,2.454878048780488
190,Carlsberg Pilsner, 2003,2.3898734177215193
191,Carlsberg Pilsner, 2004,2.155421686746988
192,Carlsberg Pilsner, 2005,2.269090909090909
193,Carlsberg Pilsner, 2006,2.1756521739130434
194,Carlsberg Pilsner, 2007,2.264516129032258
195,Carlsberg Pilsner, 2008,2.2315436241610738
196,Carlsberg Pilsner, 2009,2.1096491228070176
197,Carlsberg Pilsner, 2010,2.2126436781609193
198,Carlsberg Pilsner, 2011,2.222340425531915
199,Carlsberg Pilsner, 2012,2.24375
200,Carlsberg Pilsner, 2013,2.265079365079365
201,Carlsberg Pilsner, 2014,2.2120879120879122
202,Carlsberg Pilsner, 2015,2.2961038961038964
203,Carlsberg Pilsner, 2016,2.3375
204,Carlsberg Pilsner, 2017,2.2533333333333334
205,Carlsberg Pilsner, 2018,2.37
206,Carlsberg Pilsner, 2019,2.2984126984126987
207,Carlsberg Pilsner, 2020,2.348148148148148
208,Carlsberg Pilsner, 2021,2.466666666666667
209,Carlsberg Pilsner, 2022,2.3625
210,Carlsberg Pilsner, 2023,2.216666666666667
211,Cass Fresh, 2002,1.2833333333333334
212,Cass Fresh, 2003,1.525
213,Cass Fresh, 2004,1.5625
214,Cass Fresh, 2005,1.5250000000000001
215,Cass Fresh, 2006,1.7538461538461538
216,Cass Fresh, 2007,1.575
217,Cass Fresh, 2008,1.4333333333333333
218,Cass Fresh, 2009,1.5727272727272728
219,Cass Fresh, 2010,1.3857142857142857
220,Cass Fresh, 2011,1.45
221,Cass Fresh, 2012,1.7999999999999998
222,Cass Fresh, 2013,1.8214285714285714
223,Cass Fresh, 2014,1.7791666666666668
224,Cass Fresh, 2015,1.9000000000000001
225,Cass Fresh, 2016,1.7685714285714285
226,Cass Fresh, 2017,1.8642857142857143
227,Cass Fresh, 2018,1.912
228,Cass Fresh, 2019,1.9600000000000002
229,Cass Fresh, 2020,1.9714285714285715
230,Cass Fresh, 2021,1.86
231,Cass Fresh, 2022,2.04
232,Cass Fresh, 2023,2.309090909090909
233,Desperados, 2002,1.8277777777777777
234,Desperados, 2003,1.5499999999999998
235,Desperados, 2004,1.2526315789473685
236,Desperados, 2005,1.3559999999999999
237,Desperados, 2006,1.4255813953488372
238,Desperados, 2007,1.8105263157894738
239,Desperados, 2008,1.8457142857142856
240,Desperados, 2009,1.562857142857143
241,Desperados, 2010,1.9066666666666665
242,Desperados, 2011,1.875
243,Desperados, 2012,1.9482758620689655
244,Desperados, 2013,1.7840579710144926
245,Desperados, 2014,1.8030612244897959
246,Desperados, 2015,1.7494736842105263
247,Desperados, 2016,1.7351851851851852
248,Desperados, 2017,1.8703125
249,Desperados, 2018,2.107894736842105
250,Desperados, 2019,2.092307692307692
251,Desperados, 2020,1.8909090909090909
252,Desperados, 2021,2.46
253,Desperados, 2022,2.6
254,Desperados, 2023,0.95
255,Edelweiss Weissbier Snowfresh, 2007,3.468965517241379
256,Edelweiss Weissbier Snowfresh, 2008,3.3328125
257,Edelweiss Weissbier Snowfresh, 2009,3.129090909090909
258,Edelweiss Weissbier Snowfresh, 2010,3.2633333333333336
259,Edelweiss Weissbier Snowfresh, 2011,3.182608695652174
260,Edelweiss Weissbier Snowfresh, 2012,3.182352941176471
261,Edelweiss Weissbier Snowfresh, 2013,3.3125
262,Edelweiss Weissbier Snowfresh, 2014,3.345833333333333
263,Edelweiss Weissbier Snowfresh, 2015,3.1291666666666664
264,Edelweiss Weissbier Snowfresh, 2016,3.4166666666666665
265,Edelweiss Weissbier Snowfresh, 2017,3.227272727272727
266,Edelweiss Weissbier Snowfresh, 2018,3.3299999999999996
267,Edelweiss Weissbier Snowfresh, 2019,3.257142857142857
268,Edelweiss Weissbier Snowfresh, 2020,2.5999999999999996
269,Edelweiss Weissbier Snowfresh, 2021,3.6
270,Edelweiss Weissbier Snowfresh, 2022,3.15
271,Egger Grapefruit Radler, 2013,2.2
272,Egger Grapefruit Radler, 2014,2.246153846153846
273,Egger Grapefruit Radler, 2015,2.2733333333333334
274,Egger Grapefruit Radler, 2016,2.375
275,Egger Grapefruit Radler, 2017,2.6333333333333333
276,Egger Grapefruit Radler, 2018,2.55
277,Egger Grapefruit Radler, 2019,2.7
278,Egger Grapefruit Radler, 2020,2.3666666666666667
279,Egger Grapefruit Radler, 2021,3.05
280,Egger Grapefruit Radler, 2022,3.6
281,Egger Märzenbier, 2006,2.775
282,Egger Märzenbier, 2007,2.4285714285714284
283,Egger Märzenbier, 2008,2.4642857142857144
284,Egger Märzenbier, 2009,2.1799999999999997
285,Egger Märzenbier, 2010,2.5357142857142856
286,Egger Märzenbier, 2011,2.38
287,Egger Märzenbier, 2012,2.5916666666666663
288,Egger Märzenbier, 2013,2.3375
289,Egger Märzenbier, 2014,2.4058823529411764
290,Egger Märzenbier, 2015,2.5944444444444446
291,Egger Märzenbier, 2016,2.588888888888889
292,Egger Märzenbier, 2017,2.4
293,Egger Märzenbier, 2018,2.3545454545454545
294,Egger Märzenbier, 2019,2.5533333333333332
295,Egger Märzenbier, 2020,2.73
296,Egger Märzenbier, 2021,2.6
297,Egger Märzenbier, 2022,2.8
298,Egger Märzenbier, 2023,2.6999999999999997
299,Egger Zwickl, 2014,2.9000000000000004
300,Egger Zwickl, 2016,2.5
301,Egger Zwickl, 2018,2.1
302,Egger Zwickl, 2019,2.8
303,Egger Zwickl, 2020,2.9
304,Egger Zwickl, 2021,2.6
305,Eichbaum Apostel Bräu, 2007,2.8
306,Eichbaum Apostel Bräu, 2008,2.772727272727273
307,Eichbaum Apostel Bräu, 2009,2.615789473684211
308,Eichbaum Apostel Bräu, 2010,2.3076923076923075
309,Eichbaum Apostel Bräu, 2011,2.55
310,Eichbaum Apostel Bräu, 2012,2.33125
311,Eichbaum Apostel Bräu, 2013,2.246153846153846
312,Eichbaum Apostel Bräu, 2014,2.3272727272727276
313,Eichbaum Apostel Bräu, 2015,2.314285714285714
314,Eichbaum Apostel Bräu, 2016,2.65
315,Eichbaum Apostel Bräu, 2017,2.5444444444444443
316,Eichbaum Apostel Bräu, 2018,2.3428571428571425
317,Eichbaum Apostel Bräu, 2019,2.4285714285714284
318,Eichbaum Apostel Bräu, 2021,2.0
319,Eichbaum Apostel Bräu, 2022,2.4
320,Erdinger Weissbier, 2000,3.175
321,Erdinger Weissbier, 2001,3.4266666666666667
322,Erdinger Weissbier, 2002,3.1840579710144925
323,Erdinger Weissbier, 2003,3.1493670886075953
324,Erdinger Weissbier, 2004,3.161764705882353
325,Erdinger Weissbier, 2005,3.1883561643835616
326,Erdinger Weissbier, 2006,3.095705521472393
327,Erdinger Weissbier, 2007,3.127624309392265
328,Erdinger Weissbier, 2008,3.15609756097561
329,Erdinger Weissbier, 2009,3.12875
330,Erdinger Weissbier, 2010,3.0888888888888886
331,Erdinger Weissbier, 2011,3.160135135135135
332,Erdinger Weissbier, 2012,3.173333333333334
333,Erdinger Weissbier, 2013,3.259009009009009
334,Erdinger Weissbier, 2014,3.127196652719665
335,Erdinger Weissbier, 2015,3.131891891891892
336,Erdinger Weissbier, 2016,3.1069565217391304
337,Erdinger Weissbier, 2017,3.1856060606060606
338,Erdinger Weissbier, 2018,3.1090909090909093
339,Erdinger Weissbier, 2019,3.171186440677966
340,Erdinger Weissbier, 2020,3.2256410256410257
341,Erdinger Weissbier, 2021,3.305405405405405
342,Erdinger Weissbier, 2022,3.3476190476190473
343,Erdinger Weissbier, 2023,3.5
344,Erdinger Weissbier Dunkel, 2000,4.3
345,Erdinger Weissbier Dunkel, 2001,3.46
346,Erdinger Weissbier Dunkel, 2002,3.3808510638297875
347,Erdinger Weissbier Dunkel, 2003,3.2414285714285715
348,Erdinger Weissbier Dunkel, 2004,3.316
349,Erdinger Weissbier Dunkel, 2005,3.2549549549549552
350,Erdinger Weissbier Dunkel, 2006,3.1782178217821784
351,Erdinger Weissbier Dunkel, 2007,3.231707317073171
352,Erdinger Weissbier Dunkel, 2008,3.1655172413793102
353,Erdinger Weissbier Dunkel, 2009,3.190677966101695
354,Erdinger Weissbier Dunkel, 2010,3.209322033898305
355,Erdinger Weissbier Dunkel, 2011,3.340909090909091
356,Erdinger Weissbier Dunkel, 2012,3.3181208053691273
357,Erdinger Weissbier Dunkel, 2013,3.2314102564102565
358,Erdinger Weissbier Dunkel, 2014,3.135672514619883
359,Erdinger Weissbier Dunkel, 2015,3.1992248062015505
360,Erdinger Weissbier Dunkel, 2016,3.170833333333333
361,Erdinger Weissbier Dunkel, 2017,3.184444444444445
362,Erdinger Weissbier Dunkel, 2018,3.146153846153846
363,Erdinger Weissbier Dunkel, 2019,3.232142857142857
364,Erdinger Weissbier Dunkel, 2020,3.1322580645161286
365,Erdinger Weissbier Dunkel, 2021,3.310344827586207
366,Erdinger Weissbier Dunkel, 2022,3.158333333333333
367,Erdinger Weissbier Dunkel, 2023,3.425
368,FiLite, 2017,2.566666666666667
369,FiLite, 2018,2.325
370,FiLite, 2019,2.25
371,Franziskaner Hefe-Weissbier / Weissbier Naturtrub, 2000,3.96
372,Franziskaner Hefe-Weissbier / Weissbier Naturtrub, 2001,3.8642857142857143
373,Franziskaner Hefe-Weissbier / Weissbier Naturtrub, 2002,3.7088495575221243
374,Franziskaner Hefe-Weissbier / Weissbier Naturtrub, 2003,3.678985507246377
375,Franziskaner Hefe-Weissbier / Weissbier Naturtrub, 2004,3.5698630136986305
376,Franziskaner Hefe-Weissbier / Weissbier Naturtrub, 2005,3.548314606741573
377,Franziskaner Hefe-Weissbier / Weissbier Naturtrub, 2006,3.5657142857142854
378,Franziskaner Hefe-Weissbier / Weissbier Naturtrub, 2007,3.634065934065934
379,Franziskaner Hefe-Weissbier / Weissbier Naturtrub, 2008,3.6577922077922076
380,Franziskaner Hefe-Weissbier / Weissbier Naturtrub, 2009,3.5322751322751325
381,Franziskaner Hefe-Weissbier / Weissbier Naturtrub, 2010,3.6466666666666665
382,Franziskaner Hefe-Weissbier / Weissbier Naturtrub, 2011,3.576041666666667
383,Franziskaner Hefe-Weissbier / Weissbier Naturtrub, 2012,3.608064516129032
384,Franziskaner Hefe-Weissbier / Weissbier Naturtrub, 2013,3.6191304347826088
385,Franziskaner Hefe-Weissbier / Weissbier Naturtrub, 2014,3.6299638989169676
386,Franziskaner Hefe-Weissbier / Weissbier Naturtrub, 2015,3.566981132075472
387,Franziskaner Hefe-Weissbier / Weissbier Naturtrub, 2016,3.647953216374269
388,Franziskaner Hefe-Weissbier / Weissbier Naturtrub, 2017,3.632394366197183
389,Franziskaner Hefe-Weissbier / Weissbier Naturtrub, 2018,3.5934426229508194
390,Franziskaner Hefe-Weissbier / Weissbier Naturtrub, 2019,3.67029702970297
391,Franziskaner Hefe-Weissbier / Weissbier Naturtrub, 2020,3.634210526315789
392,Franziskaner Hefe-Weissbier / Weissbier Naturtrub, 2021,3.4535714285714287
393,Franziskaner Hefe-Weissbier / Weissbier Naturtrub, 2022,3.685185185185185
394,Franziskaner Hefe-Weissbier / Weissbier Naturtrub, 2023,3.53
395,Gambrinus Originál 10° (Desítka), 2002,2.6500000000000004
396,Gambrinus Originál 10° (Desítka), 2003,2.575
397,Gambrinus Originál 10° (Desítka), 2004,2.757142857142857
398,Gambrinus Originál 10° (Desítka), 2005,2.6692307692307695
399,Gambrinus Originál 10° (Desítka), 2006,2.3916666666666666
400,Gambrinus Originál 10° (Desítka), 2007,2.4250000000000003
401,Gambrinus Originál 10° (Desítka), 2008,2.5914285714285716
402,Gambrinus Originál 10° (Desítka), 2009,2.595652173913044
403,Gambrinus Originál 10° (Desítka), 2010,2.54375
404,Gambrinus Originál 10° (Desítka), 2011,2.2766666666666664
405,Gambrinus Originál 10° (Desítka), 2012,2.4703703703703703
406,Gambrinus Originál 10° (Desítka), 2013,2.475862068965517
407,Gambrinus Originál 10° (Desítka), 2014,2.4256410256410255
408,Gambrinus Originál 10° (Desítka), 2015,2.4935483870967743
409,Gambrinus Originál 10° (Desítka), 2016,2.59
410,Gambrinus Originál 10° (Desítka), 2017,2.590909090909091
411,Gambrinus Originál 10° (Desítka), 2018,2.512121212121212
412,Gambrinus Originál 10° (Desítka), 2019,2.638709677419355
413,Gambrinus Originál 10° (Desítka), 2020,2.96
414,Gambrinus Originál 10° (Desítka), 2021,2.2375
415,Gambrinus Originál 10° (Desítka), 2022,2.8363636363636364
416,Gambrinus Originál 10° (Desítka), 2023,2.75
417,Grolsch Premium Lager, 2000,2.9333333333333336
418,Grolsch Premium Lager, 2001,2.85
419,Grolsch Premium Lager, 2002,2.707558139534884
420,Grolsch Premium Lager, 2003,2.7443750000000002
421,Grolsch Premium Lager, 2004,2.585483870967742
422,Grolsch Premium Lager, 2005,2.4901515151515152
423,Grolsch Premium Lager, 2006,2.46875
424,Grolsch Premium Lager, 2007,2.402702702702703
425,Grolsch Premium Lager, 2008,2.40125
426,Grolsch Premium Lager, 2009,2.3356521739130436
427,Grolsch Premium Lager, 2010,2.476237623762376
428,Grolsch Premium Lager, 2011,2.6469135802469137
429,Grolsch Premium Lager, 2012,2.5741666666666663
430,Grolsch Premium Lager, 2013,2.4977272727272726
431,Grolsch Premium Lager, 2014,2.6294642857142856
432,Grolsch Premium Lager, 2015,2.5455357142857147
433,Grolsch Premium Lager, 2016,2.6311688311688313
434,Grolsch Premium Lager, 2017,2.725510204081633
435,Grolsch Premium Lager, 2018,2.806451612903226
436,Grolsch Premium Lager, 2019,2.752727272727273
437,Grolsch Premium Lager, 2020,2.8
438,Grolsch Premium Lager, 2021,2.6681818181818184
439,Grolsch Premium Lager, 2022,2.7615384615384615
440,Grolsch Premium Lager, 2023,2.4
441,Guinness Draught, 2000,4.148
442,Guinness Draught, 2001,3.964606741573034
443,Guinness Draught, 2002,3.6795865633074936
444,Guinness Draught, 2003,3.542013888888889
445,Guinness Draught, 2004,3.543042071197411
446,Guinness Draught, 2005,3.396694214876033
447,Guinness Draught, 2006,3.532571428571429
448,Guinness Draught, 2007,3.3903640256959315
449,Guinness Draught, 2008,3.4353365384615384
450,Guinness Draught, 2009,3.421766561514196
451,Guinness Draught, 2010,3.3642023346303502
452,Guinness Draught, 2011,3.415
453,Guinness Draught, 2012,3.4565088757396447
454,Guinness Draught, 2013,3.3862258953168047
455,Guinness Draught, 2014,3.3683385579937304
456,Guinness Draught, 2015,3.2762264150943397
457,Guinness Draught, 2016,3.3624338624338623
458,Guinness Draught, 2017,3.329411764705882
459,Guinness Draught, 2018,3.416326530612245
460,Guinness Draught, 2019,3.567647058823529
461,Guinness Draught, 2020,3.505357142857143
462,Guinness Draught, 2021,3.448780487804878
463,Guinness Draught, 2022,3.5142857142857147
464,Guinness Draught, 2023,3.523529411764706
465,Guinness Original 4.2% (Ireland/UK), 2000,2.1
466,Guinness Original 4.2% (Ireland/UK), 2001,2.225
467,Guinness Original 4.2% (Ireland/UK), 2002,2.9000000000000004
468,Guinness Original 4.2% (Ireland/UK), 2003,3.227272727272727
469,Guinness Original 4.2% (Ireland/UK), 2004,3.435
470,Guinness Original 4.2% (Ireland/UK), 2005,3.1260869565217395
471,Guinness Original 4.2% (Ireland/UK), 2006,3.478947368421052
472,Guinness Original 4.2% (Ireland/UK), 2007,3.1875
473,Guinness Original 4.2% (Ireland/UK), 2008,3.2760000000000002
474,Guinness Original 4.2% (Ireland/UK), 2009,3.3049999999999997
475,Guinness Original 4.2% (Ireland/UK), 2010,3.109677419354839
476,Guinness Original 4.2% (Ireland/UK), 2011,3.2366666666666664
477,Guinness Original 4.2% (Ireland/UK), 2012,3.3131578947368423
478,Guinness Original 4.2% (Ireland/UK), 2013,3.298275862068966
479,Guinness Original 4.2% (Ireland/UK), 2014,3.094871794871795
480,Guinness Original 4.2% (Ireland/UK), 2015,3.180769230769231
481,Guinness Original 4.2% (Ireland/UK), 2016,3.170833333333333
482,Guinness Original 4.2% (Ireland/UK), 2017,3.2411764705882353
483,Guinness Original 4.2% (Ireland/UK), 2018,3.1454545454545455
484,Guinness Original 4.2% (Ireland/UK), 2019,3.3125
485,Guinness Original 4.2% (Ireland/UK), 2020,3.41
486,Guinness Original 4.2% (Ireland/UK), 2021,3.566666666666667
487,Guinness Original 4.2% (Ireland/UK), 2022,3.3600000000000003
488,Guinness Original 4.2% (Ireland/UK), 2023,3.0999999999999996
489,Harbin Beer, 2002,2.3
490,Harbin Beer, 2003,2.25
491,Harbin Beer, 2004,1.7
492,Harbin Beer, 2005,2.8
493,Harbin Beer, 2006,2.019642857142857
494,Harbin Beer, 2007,2.1229885057471263
495,Harbin Beer, 2008,2.0028571428571427
496,Harbin Beer, 2009,2.026315789473684
497,Harbin Beer, 2010,1.9866666666666668
498,Harbin Beer, 2011,1.55
499,Harbin Beer, 2012,1.6583333333333332
500,Harbin Beer, 2013,1.5333333333333334
501,Harbin Beer, 2014,1.5166666666666668
502,Harbin Beer, 2015,2.3714285714285714
503,Harbin Beer, 2016,1.8142857142857143
504,Harbin Beer, 2017,2.1333333333333333
505,Harbin Beer, 2018,1.7399999999999998
506,Harbin Beer, 2019,1.675
507,Harbin Beer, 2020,2.15
508,Harbin Beer, 2021,1.25
509,Harbin Beer, 2022,1.6
510,Heineken, 2000,1.8705882352941177
511,Heineken, 2001,2.40718954248366
512,Heineken, 2002,2.3053968253968256
513,Heineken, 2003,2.2243119266055045
514,Heineken, 2004,2.1045226130653267
515,Heineken, 2005,2.050622406639004
516,Heineken, 2006,2.099272727272727
517,Heineken, 2007,2.118292682926829
518,Heineken, 2008,2.066869300911854
519,Heineken, 2009,2.026923076923077
520,Heineken, 2010,1.9823170731707318
521,Heineken, 2011,1.9877005347593582
522,Heineken, 2012,2.196727272727273
523,Heineken, 2013,2.1940140845070424
524,Heineken, 2014,2.07546468401487
525,Heineken, 2015,2.1706382978723404
526,Heineken, 2016,2.230909090909091
527,Heineken, 2017,2.183132530120482
528,Heineken, 2018,2.4338983050847456
529,Heineken, 2019,2.3547169811320754
530,Heineken, 2020,2.488
531,Heineken, 2021,2.4466666666666668
532,Heineken, 2022,2.3666666666666667
533,Heineken, 2023,2.152941176470588
534,Heineken Dark Lager, 2000,1.6
535,Heineken Dark Lager, 2001,2.9142857142857146
536,Heineken Dark Lager, 2002,2.7093023255813953
537,Heineken Dark Lager, 2003,2.5980392156862746
538,Heineken Dark Lager, 2004,2.4711864406779664
539,Heineken Dark Lager, 2005,2.6234375
540,Heineken Dark Lager, 2006,2.6673913043478263
541,Heineken Dark Lager, 2007,2.805172413793103
542,Heineken Dark Lager, 2008,2.573611111111111
543,Heineken Dark Lager, 2009,2.597297297297297
544,Heineken Dark Lager, 2010,2.6857142857142855
545,Heineken Dark Lager, 2011,2.7708333333333335
546,Heineken Dark Lager, 2012,2.7346153846153842
547,Heineken Dark Lager, 2013,3.005263157894737
548,Heineken Dark Lager, 2014,2.988888888888889
549,Heineken Dark Lager, 2015,2.933333333333333
550,Heineken Dark Lager, 2016,2.6799999999999997
551,Heineken Dark Lager, 2017,2.65
552,Heineken Dark Lager, 2018,2.6999999999999997
553,Heineken Dark Lager, 2019,2.6
554,Heineken Dark Lager, 2021,2.7000000000000006
555,Hoegaarden Cherry, 2017,2.05
556,Hoegaarden Cherry, 2018,3.6
557,Hoegaarden Cherry, 2023,2.6
558,Hoegaarden Rosée, 2007,2.3473684210526318
559,Hoegaarden Rosée, 2008,2.598181818181818
560,Hoegaarden Rosée, 2009,2.188
561,Hoegaarden Rosée, 2010,2.625
562,Hoegaarden Rosée, 2011,2.428888888888889
563,Hoegaarden Rosée, 2012,2.526666666666667
564,Hoegaarden Rosée, 2013,2.3925925925925924
565,Hoegaarden Rosée, 2014,2.498076923076923
566,Hoegaarden Rosée, 2015,2.484
567,Hoegaarden Rosée, 2016,2.592857142857143
568,Hoegaarden Rosée, 2017,2.7348837209302324
569,Hoegaarden Rosée, 2018,2.48
570,Hoegaarden Rosée, 2019,2.8347826086956522
571,Hoegaarden Rosée, 2020,2.853846153846154
572,Hoegaarden Rosée, 2021,2.8875
573,Hoegaarden Rosée, 2022,2.6
574,Hoegaarden Rosée, 2023,2.9000000000000004
575,Holsten Premium Bier, 2001,2.87
576,Holsten Premium Bier, 2002,2.476
577,Holsten Premium Bier, 2003,2.4466666666666668
578,Holsten Premium Bier, 2004,2.466666666666667
579,Holsten Premium Bier, 2005,2.2869565217391306
580,Holsten Premium Bier, 2006,2.341379310344828
581,Holsten Premium Bier, 2007,2.3205128205128207
582,Holsten Premium Bier, 2008,2.4709677419354836
583,Holsten Premium Bier, 2009,2.26
584,Holsten Premium Bier, 2010,2.4318181818181817
585,Holsten Premium Bier, 2011,2.283333333333333
586,Holsten Premium Bier, 2012,2.3275862068965516
587,Holsten Premium Bier, 2013,2.2666666666666666
588,Holsten Premium Bier, 2014,2.231034482758621
589,Holsten Premium Bier, 2015,2.3684210526315788
590,Holsten Premium Bier, 2016,2.3583333333333334
591,Holsten Premium Bier, 2017,2.5933333333333333
592,Holsten Premium Bier, 2018,2.2916666666666665
593,Holsten Premium Bier, 2019,2.45
594,Holsten Premium Bier, 2020,2.3333333333333335
595,Holsten Premium Bier, 2021,1.3
596,Holsten Premium Bier, 2022,2.2666666666666666
597,Jeju Wit Ale, 2017,3.55
598,Jeju Wit Ale, 2018,3.2
599,Jeju Wit Ale, 2019,2.4
600,Jeju Wit Ale, 2020,3.2
601,Jeju Wit Ale, 2022,3.0
602,Jeju Wit Ale, 2023,3.1166666666666667
603,Kirin Ichiban, 2008,2.0095238095238095
604,Kirin Ichiban, 2009,2.019191919191919
605,Kirin Ichiban, 2010,2.0804123711340208
606,Kirin Ichiban, 2011,2.2550458715596333
607,Kirin Ichiban, 2012,2.2607361963190185
608,Kirin Ichiban, 2013,2.130817610062893
609,Kirin Ichiban, 2014,2.2664335664335664
610,Kirin Ichiban, 2015,2.3019417475728154
611,Kirin Ichiban, 2016,2.37
612,Kirin Ichiban, 2017,2.62
613,Kirin Ichiban, 2018,2.4441176470588233
614,Kirin Ichiban, 2019,2.4166666666666665
615,Kirin Ichiban, 2020,2.396
616,Kirin Ichiban, 2021,2.4952380952380953
617,Kirin Ichiban, 2022,2.33125
618,Kirin Ichiban, 2023,2.4899999999999998
619,Kloud Fitz Super Clear, 2017,2.566666666666667
620,Kloud Fitz Super Clear, 2018,1.9214285714285713
621,Kloud Fitz Super Clear, 2019,1.8800000000000001
622,Kloud Fitz Super Clear, 2020,1.7
623,Kloud Fitz Super Clear, 2021,0.5
624,Kloud Original Gravity, 2014,2.2857142857142856
625,Kloud Original Gravity, 2015,2.3846153846153846
626,Kloud Original Gravity, 2016,2.323529411764706
627,Kloud Original Gravity, 2017,2.268421052631579
628,Kloud Original Gravity, 2018,2.02
629,Kloud Original Gravity, 2019,2.50625
630,Kloud Original Gravity, 2020,2.5285714285714285
631,Kloud Original Gravity, 2021,2.4799999999999995
632,Kloud Original Gravity, 2022,2.9
633,Kozel Černý (Dark) 10°, 2000,2.0
634,Kozel Černý (Dark) 10°, 2001,3.6166666666666667
635,Kozel Černý (Dark) 10°, 2002,3.553846153846154
636,Kozel Černý (Dark) 10°, 2003,3.3083333333333336
637,Kozel Černý (Dark) 10°, 2004,3.2636363636363637
638,Kozel Černý (Dark) 10°, 2005,3.217948717948718
639,Kozel Černý (Dark) 10°, 2006,3.1666666666666665
640,Kozel Černý (Dark) 10°, 2007,3.0568627450980395
641,Kozel Černý (Dark) 10°, 2008,3.0145454545454546
642,Kozel Černý (Dark) 10°, 2009,3.028205128205128
643,Kozel Černý (Dark) 10°, 2010,3.1808510638297873
644,Kozel Černý (Dark) 10°, 2011,2.8833333333333333
645,Kozel Černý (Dark) 10°, 2012,3.0359375
646,Kozel Černý (Dark) 10°, 2013,3.0183098591549298
647,Kozel Černý (Dark) 10°, 2014,2.998863636363636
648,Kozel Černý (Dark) 10°, 2015,2.8467889908256883
649,Kozel Černý (Dark) 10°, 2016,2.9505882352941177
650,Kozel Černý (Dark) 10°, 2017,2.778048780487805
651,Kozel Černý (Dark) 10°, 2018,3.012698412698413
652,Kozel Černý (Dark) 10°, 2019,2.9633333333333334
653,Kozel Černý (Dark) 10°, 2020,2.932142857142857
654,Kozel Černý (Dark) 10°, 2021,2.9749999999999996
655,Kozel Černý (Dark) 10°, 2022,3.1758620689655173
656,Kozel Černý (Dark) 10°, 2023,2.7714285714285714
657,Krombacher Weizen, 2007,3.0555555555555554
658,Krombacher Weizen, 2008,2.9705882352941178
659,Krombacher Weizen, 2009,3.1954545454545453
660,Krombacher Weizen, 2010,3.0823529411764703
661,Krombacher Weizen, 2011,3.01
662,Krombacher Weizen, 2012,3.1346153846153846
663,Krombacher Weizen, 2013,3.206382978723404
664,Krombacher Weizen, 2014,3.2
665,Krombacher Weizen, 2015,3.120833333333333
666,Krombacher Weizen, 2016,3.130357142857143
667,Krombacher Weizen, 2017,3.2214285714285715
668,Krombacher Weizen, 2018,3.0633333333333335
669,Krombacher Weizen, 2019,3.0461538461538464
670,Krombacher Weizen, 2020,3.210526315789474
671,Krombacher Weizen, 2021,3.4
672,Krombacher Weizen, 2022,3.2625
673,Krombacher Weizen, 2023,2.9
674,Kronenbourg 1664 Blanc, 2004,3.2222222222222223
675,Kronenbourg 1664 Blanc, 2005,2.664516129032258
676,Kronenbourg 1664 Blanc, 2006,2.7025
677,Kronenbourg 1664 Blanc, 2007,2.3913793103448273
678,Kronenbourg 1664 Blanc, 2008,2.7282051282051283
679,Kronenbourg 1664 Blanc, 2009,2.4272727272727272
680,Kronenbourg 1664 Blanc, 2010,2.835
681,Kronenbourg 1664 Blanc, 2011,2.8046511627906976
682,Kronenbourg 1664 Blanc, 2012,2.8249999999999997
683,Kronenbourg 1664 Blanc, 2013,2.823469387755102
684,Kronenbourg 1664 Blanc, 2014,2.7731707317073173
685,Kronenbourg 1664 Blanc, 2015,2.8113636363636365
686,Kronenbourg 1664 Blanc, 2016,2.8208955223880596
687,Kronenbourg 1664 Blanc, 2017,2.853246753246753
688,Kronenbourg 1664 Blanc, 2018,2.8559322033898304
689,Kronenbourg 1664 Blanc, 2019,2.8908045977011496
690,Kronenbourg 1664 Blanc, 2020,3.051612903225806
691,Kronenbourg 1664 Blanc, 2021,2.951724137931034
692,Kronenbourg 1664 Blanc, 2022,3.1882352941176473
693,Kronenbourg 1664 Blanc, 2023,2.8666666666666667
694,Lapin Kulta IV A, 2001,1.6333333333333335
695,Lapin Kulta IV A, 2002,2.5357142857142856
696,Lapin Kulta IV A, 2003,1.8111111111111111
697,Lapin Kulta IV A, 2004,2.1636363636363636
698,Lapin Kulta IV A, 2005,2.1928571428571426
699,Lapin Kulta IV A, 2006,1.935
700,Lapin Kulta IV A, 2007,2.285
701,Lapin Kulta IV A, 2008,2.1944444444444446
702,Lapin Kulta IV A, 2009,2.2
703,Lapin Kulta IV A, 2010,2.216666666666667
704,Lapin Kulta IV A, 2011,2.3249999999999997
705,Lapin Kulta IV A, 2012,2.161764705882353
706,Lapin Kulta IV A, 2013,2.2090909090909094
707,Lapin Kulta IV A, 2014,2.1125000000000003
708,Lapin Kulta IV A, 2015,2.3227272727272728
709,Lapin Kulta IV A, 2016,1.9642857142857142
710,Lapin Kulta IV A, 2017,2.413333333333333
711,Lapin Kulta IV A, 2018,2.3884615384615384
712,Lapin Kulta IV A, 2019,2.38
713,Lapin Kulta IV A, 2020,2.3333333333333335
714,Lapin Kulta IV A, 2021,2.2857142857142856
715,Lapin Kulta IV A, 2022,2.35
716,Lapin Kulta IV A, 2023,2.1
717,Leffe Brune / Bruin / Brown, 2000,3.05
718,Leffe Brune / Bruin / Brown, 2001,3.84
719,Leffe Brune / Bruin / Brown, 2002,3.5357142857142856
720,Leffe Brune / Bruin / Brown, 2003,3.3529411764705883
721,Leffe Brune / Bruin / Brown, 2004,3.483695652173913
722,Leffe Brune / Bruin / Brown, 2005,3.4408602150537635
723,Leffe Brune / Bruin / Brown, 2006,3.428421052631579
724,Leffe Brune / Bruin / Brown, 2007,3.5239436619718307
725,Leffe Brune / Bruin / Brown, 2008,3.4595419847328244
726,Leffe Brune / Bruin / Brown, 2009,3.4285714285714284
727,Leffe Brune / Bruin / Brown, 2010,3.451851851851852
728,Leffe Brune / Bruin / Brown, 2011,3.5094890510948904
729,Leffe Brune / Bruin / Brown, 2012,3.5781659388646285
730,Leffe Brune / Bruin / Brown, 2013,3.48744769874477
731,Leffe Brune / Bruin / Brown, 2014,3.474336283185841
732,Leffe Brune / Bruin / Brown, 2015,3.485416666666667
733,Leffe Brune / Bruin / Brown, 2016,3.464935064935065
734,Leffe Brune / Bruin / Brown, 2017,3.46015625
735,Leffe Brune / Bruin / Brown, 2018,3.4979591836734696
736,Leffe Brune / Bruin / Brown, 2019,3.3702380952380957
737,Leffe Brune / Bruin / Brown, 2020,3.575
738,Leffe Brune / Bruin / Brown, 2021,3.5078947368421054
739,Leffe Brune / Bruin / Brown, 2022,3.6350000000000002
740,Leffe Brune / Bruin / Brown, 2023,3.4285714285714284
741,Löwenbräu Original (4.2%), 2014,1.8909090909090909
742,Löwenbräu Original (4.2%), 2015,1.625
743,Löwenbräu Original (4.2%), 2016,2.275
744,Löwenbräu Original (4.2%), 2017,1.9333333333333333
745,Löwenbräu Original (4.2%), 2019,1.7
746,Löwenbräu Original (4.2%), 2022,2.1
747,Miller Genuine Draft (MGD), 2000,1.64375
748,Miller Genuine Draft (MGD), 2001,1.7613207547169811
749,Miller Genuine Draft (MGD), 2002,1.78984375
750,Miller Genuine Draft (MGD), 2003,1.6918238993710693
751,Miller Genuine Draft (MGD), 2004,1.5678571428571426
752,Miller Genuine Draft (MGD), 2005,1.4631578947368422
753,Miller Genuine Draft (MGD), 2006,1.545
754,Miller Genuine Draft (MGD), 2007,1.5848039215686276
755,Miller Genuine Draft (MGD), 2008,1.5746192893401014
756,Miller Genuine Draft (MGD), 2009,1.6405405405405404
757,Miller Genuine Draft (MGD), 2010,1.6698795180722892
758,Miller Genuine Draft (MGD), 2011,1.5483146067415732
759,Miller Genuine Draft (MGD), 2012,1.6008064516129032
760,Miller Genuine Draft (MGD), 2013,1.7104761904761905
761,Miller Genuine Draft (MGD), 2014,1.6876106194690264
762,Miller Genuine Draft (MGD), 2015,1.8324675324675324
763,Miller Genuine Draft (MGD), 2016,1.8655737704918032
764,Miller Genuine Draft (MGD), 2017,1.9540983606557378
765,Miller Genuine Draft (MGD), 2018,2.1
766,Miller Genuine Draft (MGD), 2019,2.121212121212121
767,Miller Genuine Draft (MGD), 2020,1.9714285714285715
768,Miller Genuine Draft (MGD), 2021,2.0294117647058822
769,Miller Genuine Draft (MGD), 2022,2.06
770,Miller Genuine Draft (MGD), 2023,2.0
771,OB Premier Pilsner, 2014,1.8
772,OB Premier Pilsner, 2015,2.4
773,OB Premier Pilsner, 2016,2.13
774,OB Premier Pilsner, 2017,2.19375
775,OB Premier Pilsner, 2018,2.16
776,OB Premier Pilsner, 2019,3.0
777,OB Premier Pilsner, 2021,2.8
778,Paulaner Hefe-Weissbier, 2000,3.92
779,Paulaner Hefe-Weissbier, 2001,3.7563636363636363
780,Paulaner Hefe-Weissbier, 2002,3.585714285714286
781,Paulaner Hefe-Weissbier, 2003,3.585714285714286
782,Paulaner Hefe-Weissbier, 2004,3.5293706293706295
783,Paulaner Hefe-Weissbier, 2005,3.663265306122449
784,Paulaner Hefe-Weissbier, 2006,3.7047872340425534
785,Paulaner Hefe-Weissbier, 2007,3.614930555555555
786,Paulaner Hefe-Weissbier, 2008,3.6317991631799162
787,Paulaner Hefe-Weissbier, 2009,3.473255813953488
788,Paulaner Hefe-Weissbier, 2010,3.62125
789,Paulaner Hefe-Weissbier, 2011,3.547096774193548
790,Paulaner Hefe-Weissbier, 2012,3.6107981220657277
791,Paulaner Hefe-Weissbier, 2013,3.6454935622317595
792,Paulaner Hefe-Weissbier, 2014,3.5488970588235293
793,Paulaner Hefe-Weissbier, 2015,3.5719298245614035
794,Paulaner Hefe-Weissbier, 2016,3.571069182389937
795,Paulaner Hefe-Weissbier, 2017,3.5938461538461537
796,Paulaner Hefe-Weissbier, 2018,3.62890625
797,Paulaner Hefe-Weissbier, 2019,3.651190476190476
798,Paulaner Hefe-Weissbier, 2020,3.5625
799,Paulaner Hefe-Weissbier, 2021,3.59
800,Paulaner Hefe-Weissbier, 2022,3.4954545454545456
801,Paulaner Hefe-Weissbier, 2023,3.2933333333333334
802,Peroni Nastro Azzurro, 2001,2.5444444444444443
803,Peroni Nastro Azzurro, 2002,2.259259259259259
804,Peroni Nastro Azzurro, 2003,2.282051282051282
805,Peroni Nastro Azzurro, 2004,2.03125
806,Peroni Nastro Azzurro, 2005,2.045263157894737
807,Peroni Nastro Azzurro, 2006,2.1666666666666665
808,Peroni Nastro Azzurro, 2007,2.072380952380952
809,Peroni Nastro Azzurro, 2008,2.062809917355372
810,Peroni Nastro Azzurro, 2009,2.0689320388349515
811,Peroni Nastro Azzurro, 2010,2.068235294117647
812,Peroni Nastro Azzurro, 2011,2.118072289156627
813,Peroni Nastro Azzurro, 2012,2.2419847328244273
814,Peroni Nastro Azzurro, 2013,2.1075342465753426
815,Peroni Nastro Azzurro, 2014,2.114516129032258
816,Peroni Nastro Azzurro, 2015,2.1916666666666664
817,Peroni Nastro Azzurro, 2016,2.3643678160919537
818,Peroni Nastro Azzurro, 2017,2.4885057471264367
819,Peroni Nastro Azzurro, 2018,2.353125
820,Peroni Nastro Azzurro, 2019,2.370909090909091
821,Peroni Nastro Azzurro, 2020,2.602777777777778
822,Peroni Nastro Azzurro, 2021,2.441666666666667
823,Peroni Nastro Azzurro, 2022,2.730769230769231
824,Peroni Nastro Azzurro, 2023,2.4222222222222225
825,Pilsner Urquell, 2010,3.3962962962962964
826,Pilsner Urquell, 2011,3.2471264367816093
827,Pilsner Urquell, 2012,3.240928270042194
828,Pilsner Urquell, 2013,3.3305970149253734
829,Pilsner Urquell, 2014,3.26600790513834
830,Pilsner Urquell, 2015,3.2759581881533104
831,Pilsner Urquell, 2016,3.23
832,Pilsner Urquell, 2017,3.2200934579439253
833,Pilsner Urquell, 2018,3.3368794326241136
834,Pilsner Urquell, 2019,3.4010752688172046
835,Pilsner Urquell, 2020,3.3583333333333334
836,Pilsner Urquell, 2021,3.4523809523809526
837,Pilsner Urquell, 2022,3.4093750000000003
838,Pilsner Urquell, 2023,3.3166666666666664
839,Platinum Pale Ale, 2017,3.3000000000000003
840,Platinum Pale Ale, 2018,3.0999999999999996
841,Platinum Pale Ale, 2019,3.3
842,Platinum Pale Ale, 2020,2.9
843,Platinum Pale Ale, 2021,3.1
844,Platinum Pale Ale, 2022,3.4
845,Platinum Pale Ale, 2023,3.05
846,Platinum White Ale, 2017,4.1
847,Queen's Ale Blonde Type, 2014,3.0
848,Queen's Ale Blonde Type, 2015,3.266666666666667
849,Queen's Ale Blonde Type, 2016,2.7
850,Queen's Ale Blonde Type, 2018,2.8
851,Red Rock, 2003,1.2
852,Red Rock, 2004,1.2
853,Red Rock, 2005,1.1
854,Red Rock, 2006,2.066666666666667
855,Red Rock, 2007,2.8
856,Red Rock, 2008,1.9
857,Red Rock, 2011,2.1
858,Red Rock, 2012,2.2
859,Red Rock, 2013,2.0
860,Red Rock, 2018,1.45
861,Reeper B. Blondes Weissbier, 2018,2.5
862,Reeper B. Blondes Weissbier, 2019,2.733333333333333
863,Reeper B. Blondes Weissbier, 2020,3.0999999999999996
864,Reeper B. Blondes Weissbier, 2022,2.5714285714285716
865,San Miguel, 2002,2.475
866,San Miguel, 2003,2.2714285714285714
867,San Miguel, 2004,1.9666666666666668
868,San Miguel, 2005,1.8909090909090909
869,San Miguel, 2006,1.6666666666666667
870,San Miguel, 2007,1.7777777777777777
871,San Miguel, 2008,1.8611111111111112
872,San Miguel, 2009,1.9899999999999998
873,San Miguel, 2010,2.2444444444444445
874,San Miguel, 2011,2.092857142857143
875,San Miguel, 2012,1.955
876,San Miguel, 2013,1.8076923076923077
877,San Miguel, 2014,1.9833333333333334
878,San Miguel, 2015,1.9454545454545455
879,San Miguel, 2016,2.21
880,San Miguel, 2017,1.9421052631578946
881,San Miguel, 2018,2.0
882,San Miguel, 2019,1.875
883,San Miguel, 2020,2.5
884,San Miguel, 2021,2.8
885,San Miguel, 2022,1.9500000000000002
886,Sapporo Premium Beer / Draft Beer, 2000,2.35
887,Sapporo Premium Beer / Draft Beer, 2001,2.4130434782608696
888,Sapporo Premium Beer / Draft Beer, 2002,2.364885496183206
889,Sapporo Premium Beer / Draft Beer, 2003,2.173394495412844
890,Sapporo Premium Beer / Draft Beer, 2004,2.158181818181818
891,Sapporo Premium Beer / Draft Beer, 2005,2.0373737373737373
892,Sapporo Premium Beer / Draft Beer, 2006,2.2550724637681157
893,Sapporo Premium Beer / Draft Beer, 2007,2.1991869918699187
894,Sapporo Premium Beer / Draft Beer, 2008,2.232911392405063
895,Sapporo Premium Beer / Draft Beer, 2009,2.1814159292035398
896,Sapporo Premium Beer / Draft Beer, 2010,2.093150684931507
897,Sapporo Premium Beer / Draft Beer, 2011,2.3013333333333335
898,Sapporo Premium Beer / Draft Beer, 2012,2.2684684684684684
899,Sapporo Premium Beer / Draft Beer, 2013,2.242
900,Sapporo Premium Beer / Draft Beer, 2014,2.31156462585034
901,Sapporo Premium Beer / Draft Beer, 2015,2.4680851063829787
902,Sapporo Premium Beer / Draft Beer, 2016,2.4014705882352945
903,Sapporo Premium Beer / Draft Beer, 2017,2.5142857142857142
904,Sapporo Premium Beer / Draft Beer, 2018,2.4979591836734696
905,Sapporo Premium Beer / Draft Beer, 2019,2.646666666666667
906,Sapporo Premium Beer / Draft Beer, 2020,2.574193548387097
907,Sapporo Premium Beer / Draft Beer, 2021,2.5444444444444443
908,Sapporo Premium Beer / Draft Beer, 2022,2.682352941176471
909,Sapporo Premium Beer / Draft Beer, 2023,1.9142857142857144
910,Sapporo Yebisu, 2000,2.9333333333333336
911,Sapporo Yebisu, 2001,2.9
912,Sapporo Yebisu, 2002,2.594871794871795
913,Sapporo Yebisu, 2003,2.248
914,Sapporo Yebisu, 2004,2.5933333333333333
915,Sapporo Yebisu, 2005,2.3400000000000003
916,Sapporo Yebisu, 2006,2.33125
917,Sapporo Yebisu, 2007,2.25
918,Sapporo Yebisu, 2008,2.435714285714286
919,Sapporo Yebisu, 2009,2.5413793103448277
920,Sapporo Yebisu, 2010,2.29
921,Sapporo Yebisu, 2011,2.555
922,Sapporo Yebisu, 2012,2.533333333333333
923,Sapporo Yebisu, 2013,2.341666666666667
924,Sapporo Yebisu, 2014,2.6411764705882352
925,Sapporo Yebisu, 2015,2.4941176470588236
926,Sapporo Yebisu, 2016,2.38
927,Sapporo Yebisu, 2017,2.81875
928,Sapporo Yebisu, 2018,2.625
929,Sapporo Yebisu, 2019,3.1142857142857143
930,Sapporo Yebisu, 2020,2.425
931,Sapporo Yebisu, 2022,5.0
932,Schöfferhofer Grapefruit, 2007,2.429411764705882
933,Schöfferhofer Grapefruit, 2008,2.832142857142857
934,Schöfferhofer Grapefruit, 2009,2.404
935,Schöfferhofer Grapefruit, 2010,2.707692307692308
936,Schöfferhofer Grapefruit, 2011,2.5782608695652174
937,Schöfferhofer Grapefruit, 2012,2.536
938,Schöfferhofer Grapefruit, 2013,2.875925925925926
939,Schöfferhofer Grapefruit, 2014,2.8666666666666667
940,Schöfferhofer Grapefruit, 2015,3.0
941,Schöfferhofer Grapefruit, 2016,2.93375
942,Schöfferhofer Grapefruit, 2017,2.987878787878788
943,Schöfferhofer Grapefruit, 2018,2.9272727272727277
944,Schöfferhofer Grapefruit, 2019,3.0352941176470587
945,Schöfferhofer Grapefruit, 2020,2.9588235294117644
946,Schöfferhofer Grapefruit, 2021,3.264705882352941
947,Schöfferhofer Grapefruit, 2022,3.2625
948,Schöfferhofer Grapefruit, 2023,3.1999999999999997
949,Stella Artois, 2000,2.125
950,Stella Artois, 2001,3.0674418604651166
951,Stella Artois, 2002,2.8319148936170215
952,Stella Artois, 2003,2.6305732484076434
953,Stella Artois, 2004,2.6475
954,Stella Artois, 2005,2.480616740088106
955,Stella Artois, 2006,2.46875
956,Stella Artois, 2007,2.4921511627906976
957,Stella Artois, 2008,2.521183800623053
958,Stella Artois, 2009,2.5450236966824646
959,Stella Artois, 2010,2.435672514619883
960,Stella Artois, 2011,2.4015873015873015
961,Stella Artois, 2012,2.4879518072289155
962,Stella Artois, 2013,2.464489795918367
963,Stella Artois, 2014,2.4580357142857143
964,Stella Artois, 2015,2.5300000000000002
965,Stella Artois, 2016,2.534862385321101
966,Stella Artois, 2017,2.718018018018018
967,Stella Artois, 2018,2.6882978723404256
968,Stella Artois, 2019,2.9464285714285716
969,Stella Artois, 2020,2.5714285714285716
970,Stella Artois, 2021,2.5749999999999997
971,Stella Artois, 2022,2.6076923076923078
972,Stella Artois, 2023,2.7199999999999998
973,Stephans Bräu Hefe-Weizen Naturtrüb Alkoholfrei, 2016,1.3714285714285714
974,Stephans Bräu Hefe-Weizen Naturtrüb Alkoholfrei, 2017,1.9000000000000001
975,Stephans Bräu Hefe-Weizen Naturtrüb Alkoholfrei, 2018,1.775
976,Stephans Bräu Hefe-Weizen Naturtrüb Alkoholfrei, 2019,1.35
977,Stephans Bräu Hefe-Weizen Naturtrüb Alkoholfrei, 2020,1.94
978,Stephans Bräu Hefe-Weizen Naturtrüb Alkoholfrei, 2022,2.25
979,Stephans Bräu Hefe-Weizen Naturtrüb Alkoholfrei, 2023,3.2
980,Stephans Bräu Premium Lager, 2016,2.05
981,Stephans Bräu Premium Lager, 2017,1.775
982,Stephans Bräu Premium Lager, 2018,2.1555555555555554
983,Stephans Bräu Premium Lager, 2019,1.8142857142857143
984,Stephans Bräu Premium Lager, 2020,2.3428571428571425
985,Stephans Bräu Premium Lager, 2021,2.35
986,Stephans Bräu Premium Lager, 2022,1.95
987,Stephans Bräu Premium Pilsener, 2005,2.0
988,Stephans Bräu Premium Pilsener, 2006,1.8
989,Stephans Bräu Premium Pilsener, 2007,2.35
990,Stephans Bräu Premium Pilsener, 2008,1.6
991,Stephans Bräu Premium Pilsener, 2009,1.6
992,Stephans Bräu Premium Pilsener, 2010,1.3
993,Stephans Bräu Premium Pilsener, 2011,2.157142857142857
994,Stephans Bräu Premium Pilsener, 2012,1.7666666666666666
995,Stephans Bräu Premium Pilsener, 2013,2.0444444444444443
996,Stephans Bräu Premium Pilsener, 2014,1.525
997,Stephans Bräu Premium Pilsener, 2015,1.9000000000000001
998,Stephans Bräu Premium Pilsener, 2016,2.2615384615384615
999,Stephans Bräu Premium Pilsener, 2017,2.45
1000,Stephans Bräu Premium Pilsener, 2018,2.0
1001,Stephans Bräu Premium Pilsener, 2019,2.0125
1002,Stephans Bräu Premium Pilsener, 2020,2.3333333333333335
1003,Stephans Bräu Premium Pilsener, 2021,1.8666666666666665
1004,Stephans Bräu Premium Pilsener, 2022,3.45
1005,Suntory The Premium Malt's, 2002,2.6999999999999997
1006,Suntory The Premium Malt's, 2003,2.95
1007,Suntory The Premium Malt's, 2004,2.6
1008,Suntory The Premium Malt's, 2005,3.5
1009,Suntory The Premium Malt's, 2006,2.7222222222222223
1010,Suntory The Premium Malt's, 2007,2.8
1011,Suntory The Premium Malt's, 2008,2.966666666666667
1012,Suntory The Premium Malt's, 2009,2.914285714285714
1013,Suntory The Premium Malt's, 2010,2.4375
1014,Suntory The Premium Malt's, 2011,2.5166666666666666
1015,Suntory The Premium Malt's, 2012,2.5894736842105264
1016,Suntory The Premium Malt's, 2013,2.6681818181818184
1017,Suntory The Premium Malt's, 2014,2.58125
1018,Suntory The Premium Malt's, 2015,2.7263157894736842
1019,Suntory The Premium Malt's, 2016,2.66875
1020,Suntory The Premium Malt's, 2017,2.6454545454545455
1021,Suntory The Premium Malt's, 2018,2.6
1022,Suntory The Premium Malt's, 2019,2.314285714285714
1023,Suntory The Premium Malt's, 2020,3.75
1024,Suntory The Premium Malt's, 2021,2.4
1025,Tiger Beer, 2000,3.0
1026,Tiger Beer, 2001,3.5200000000000005
1027,Tiger Beer, 2002,2.6093023255813956
1028,Tiger Beer, 2003,2.2767857142857144
1029,Tiger Beer, 2004,2.1348484848484848
1030,Tiger Beer, 2005,2.019230769230769
1031,Tiger Beer, 2006,2.1577981651376144
1032,Tiger Beer, 2007,2.1056
1033,Tiger Beer, 2008,2.055769230769231
1034,Tiger Beer, 2009,1.981730769230769
1035,Tiger Beer, 2010,2.1064102564102565
1036,Tiger Beer, 2011,2.2404761904761905
1037,Tiger Beer, 2012,2.1471014492753624
1038,Tiger Beer, 2013,2.111188811188811
1039,Tiger Beer, 2014,2.125149700598802
1040,Tiger Beer, 2015,2.1219512195121952
1041,Tiger Beer, 2016,2.1402439024390243
1042,Tiger Beer, 2017,2.144
1043,Tiger Beer, 2018,2.2515625
1044,Tiger Beer, 2019,2.2851063829787237
1045,Tiger Beer, 2020,2.28125
1046,Tiger Beer, 2021,2.4454545454545453
1047,Tiger Beer, 2022,2.272727272727273
1048,Tiger Beer, 2023,2.66
1049,Tiger Radler Lemon, 2014,2.3666666666666667
1050,Tiger Radler Lemon, 2015,1.7666666666666666
1051,Tiger Radler Lemon, 2016,2.1
1052,Tiger Radler Lemon, 2017,2.48
1053,Tiger Radler Lemon, 2018,1.6
1054,Tiger Radler Lemon, 2019,1.5
1055,Tsingtao, 2000,2.075
1056,Tsingtao, 2001,2.2170731707317075
1057,Tsingtao, 2002,2.2016393442622952
1058,Tsingtao, 2003,2.120879120879121
1059,Tsingtao, 2004,2.173394495412844
1060,Tsingtao, 2005,2.0174311926605504
1061,Tsingtao, 2006,2.283333333333333
1062,Tsingtao, 2007,2.1433566433566433
1063,Tsingtao, 2008,1.9931506849315068
1064,Tsingtao, 2009,1.9267241379310345
1065,Tsingtao, 2010,1.8670731707317072
1066,Tsingtao, 2011,2.0110169491525425
1067,Tsingtao, 2012,1.9635838150289016
1068,Tsingtao, 2013,1.8697297297297295
1069,Tsingtao, 2014,2.000574712643678
1070,Tsingtao, 2015,1.9992753623188404
1071,Tsingtao, 2016,1.9633333333333332
1072,Tsingtao, 2017,2.4069767441860463
1073,Tsingtao, 2018,2.167692307692308
1074,Tsingtao, 2019,2.211904761904762
1075,Tsingtao, 2020,1.8461538461538463
1076,Tsingtao, 2021,2.23125
1077,Tsingtao, 2022,2.26
1078,Tsingtao, 2023,2.2600000000000002
1079,Tsingtao Wheat Beer, 2018,2.946153846153846
1080,Tsingtao Wheat Beer, 2019,2.75
1081,Tsingtao Wheat Beer, 2020,2.642857142857143
1082,Tsingtao Wheat Beer, 2021,2.9
1083,Tsingtao Wheat Beer, 2022,2.4
1084,Volfas Engelman Grünberger Hefeweizen, 2018,3.05
1085,Volfas Engelman Grünberger Hefeweizen, 2020,3.1999999999999997
1086,Volfas Engelman Grünberger Hefeweizen, 2021,3.075
1087,Volfas Engelman Grünberger Hefeweizen, 2022,2.7
1088,Warsteiner Premium Verum, 2000,3.0777777777777775
1089,Warsteiner Premium Verum, 2001,3.0886792452830187
1090,Warsteiner Premium Verum, 2002,2.9223021582733812
1091,Warsteiner Premium Verum, 2003,2.8488721804511274
1092,Warsteiner Premium Verum, 2004,2.7929577464788733
1093,Warsteiner Premium Verum, 2005,2.565359477124183
1094,Warsteiner Premium Verum, 2006,2.7588652482269502
1095,Warsteiner Premium Verum, 2007,2.6319371727748693
1096,Warsteiner Premium Verum, 2008,2.6850267379679145
1097,Warsteiner Premium Verum, 2009,2.6
1098,Warsteiner Premium Verum, 2010,2.658762886597938
1099,Warsteiner Premium Verum, 2011,2.6322314049586777
1100,Warsteiner Premium Verum, 2012,2.731372549019608
1101,Warsteiner Premium Verum, 2013,2.670588235294118
1102,Warsteiner Premium Verum, 2014,2.726543209876543
1103,Warsteiner Premium Verum, 2015,2.689928057553957
1104,Warsteiner Premium Verum, 2016,2.656
1105,Warsteiner Premium Verum, 2017,2.681318681318681
1106,Warsteiner Premium Verum, 2018,2.606896551724138
1107,Warsteiner Premium Verum, 2019,2.843137254901961
1108,Warsteiner Premium Verum, 2020,3.0058823529411764
1109,Warsteiner Premium Verum, 2021,2.789473684210526
1110,Warsteiner Premium Verum, 2022,3.1222222222222222
1111,Warsteiner Premium Verum, 2023,3.3000000000000003
